<?xml version="1.0" encoding="UTF-8"?>
    <addon id="TXBox" name="TXBox" version="0.0.2" provider-name="Ozhone">
        <requires>
            <import addon="xbmc.addon" version="12.0.0"/>
        </requires>
        <extension point="xbmc.addon.repository" name="TXBox">
            <info compressed="false">https://raw.githubusercontent.com/OzhoneBox/TXBox/master/_repo/addons.xml</info>
            <checksum>https://raw.githubusercontent.com/OzhoneBox/TXBox/master/_repo/addons.xml.md5</checksum>
            <datadir zip="true">https://raw.githubusercontent.com/OzhoneBox/TXBox/master/_repo/</datadir>
            <hashes>false</hashes>
        </extension>
        <extension point="xbmc.addon.metadata">
            <summary>Repositorio Oficial TXBox</summary>
            <description>Fase Alpha Repositorio TXBox</description>
            <platform>all</platform>
    </extension>
</addon>