<?xml version="1.0" encoding="UTF-8"?>
    <addon id="TXMedia" name="TXMedia" version="0.0.3" provider-name="TxeTxu">
        <requires>
            <import addon="xbmc.addon" version="12.0.0"/>
        </requires>
        <extension point="xbmc.addon.repository" name="TXMedia">
            <info compressed="false">https://raw.githubusercontent.com/OzhoneBox/TXMedia/master/_repo/addons.xml</info>
            <checksum>https://raw.githubusercontent.com/OzhoneBox/TXMedia/master/_repo/addons.xml.md5</checksum>
            <datadir zip="true">https://raw.githubusercontent.com/OzhoneBox/TXMedia/master/_repo/</datadir>
            <hashes>false</hashes>
        </extension>
        <extension point="xbmc.addon.metadata">
            <summary></summary>
            <description></description>
            <platform>all</platform>
    </extension>
</addon>